name,current_rank,current_pts
Aryna Sabalenka,1,8520
Elena Rybakina,2,7991
Jessica Pegula,3,6680
Coco Gauff,4,5714
Mirra Andreeva,5,5378
Karolína Muchová,6,4993
Linda Nosková,7,4973
Elina Svitolina,8,4634
Iga Świątek,9,4484
Amanda Anisimova,10,4383
Marta Kostyuk,11,3830
Belinda Bencic,12,2995
Naomi Osaka,13,2846
Iva Jovic,14,2671
Victoria Mboko,15,2530
Diana Shnaider,16,2413
Sorana Cîrstea,17,2239
Alexandra Eala,18,2221
Ekaterina Alexandrova,19,2186
Jasmine Paolini,20,2124
Maja Chwalińska,21,2037
Anna Kalinskaya,22,1933
Elise Mertens,23,1870
Madison Keys,24,1759
Anastasia Potapova,25,1756
Emma Navarro,26,1724
Barbora Krejčíková,27,1666
Marie Bouzková,28,1644
Ann Li,29,1518
Jeļena Ostapenko,30,1512
Leylah Fernandez,31,1454
Maria Sakkari,32,1415
Sára Bejlek,33,1327
Hailey Baptiste,34,1300
Janice Tjen,35,1293
Donna Vekić,36,1278
Magdalena Fręch,37,1240
Nikola Bartůňková,38,1237
Kateřina Siniaková,39,1234
Cristina Bucșa,40,1224
Xinyu Wang,41,1195
Jaqueline Cristian,42,1191
Clara Tauson,43,1184
Daria Snigur,44,1180
Ludmilla Samsonova,45,1159
Oleksandra Oliynykova,46,1159
Tamara Korpatsch,47,1148
Lilli Tagger,48,1141
Anhelina Kalinina,49,1115
Mayar Sherif,50,1105
Zeynep Sönmez,51,1087
Shuai Zhang,52,1085
Peyton Stearns,53,1061
Diane Parry,54,1058
Viktorija Golubic,55,1053
Karolína Plíšková,56,1051
Tereza Valentová,57,1045
Camila Osorio,58,1023
Daria Kasatkina,59,1003
Katie Boulter,60,1002
Talia Gibson,61,997
Ashlyn Krueger,62,992
Elena-Gabriela Ruse,63,991
Caty McNally,64,990
Mccartney Kessler,65,985
Elisabetta Cocciaretto,66,985
Alina Korneeva,67,980
Emma Raducanu,68,975
Kimberly Birrell,69,974
Anna Bondár,70,961
Renata Zarazúa,71,957
Lanlana Tararudee,72,955
Petra Marčinko,73,954
Yulia Starodubtseva,74,953
Maya Joint,75,951
Panna Udvardy,76,941
Hanne Vandewinkel,77,919
Magda Linette,78,916
Tatjana Maria,79,912
Yulia Putintseva,80,904
Antonia Ružić,81,894
Paula Badosa,82,885
Emiliana Arango,83,868
Simona Waltert,84,861
Sinja Kraus,85,860
Solana Sierra,86,854
Kamilla Rakhimova,87,852
Alycia Parks,88,846
Darja Viďmanová,89,839
Xiyu Wang,90,838
Katie Volynets,91,838
Maria Timofeeva,92,814
Oksana Selekhmeteva,93,791
Anna Blinkova,94,789
Taylor Townsend,95,783
Polina Kudermetova,96,783
Mananchaya Sawangkaew,97,779
Eva Lys,98,777
Moyuka Uchijima,99,775
Taylah Preston,100,762
Anastasia Zakharova,101,759
Laura Siegemund,102,758
Ajla Tomljanović,103,752
Francesca Jones,104,751
Jéssica Bouzas Maneiro,105,749
Veronika Erjavec,106,741
Kaitlin Quevedo,107,735
Alina Charaeva,108,715
Darja Semenistaja,109,714
Sofia Kenin,110,709
Claire Liu,111,704
Dayana Yastremska,112,692
Elsa Jacquemot,113,668
Julia Grabher,114,660
Elvina Kalieva,115,636
Laura Samson,116,627
Kayla Day,117,625
Dominika Šálková,118,622
Lucrezia Stefanini,119,620
Victoria Jimenez Kasintseva,120,617
Qinwen Zheng,121,613
Mary Stoiana,122,612
Sonay Kartal,123,607
Ella Seidel,124,607
Kristina Liutova,125,603
Emerson Jones,126,601
Léolia Jeanjean,127,599
Lulu Sun,128,597
Katarzyna Kawa,129,590
Lisa Pigato,130,577
Harriet Dart,131,575
Veronika Podrez,132,572
Marina Bassols Ribera,133,571
Maddison Inglis,134,566
Lucia Bronzetti,135,566
Aliaksandra Sasnovich,136,563
Noma Noha Akugue,137,559
Yue Yuan,138,550
Jeline Vandromme,139,544
Marina Stakusic,140,542
Fiona Ferro,141,534
Andrea Lazáro García,142,531
Carol Lee,143,527
Himeno Sakatsume,144,526
Leyre Romero Gormaz,145,521
Tamara Zidanšek,146,520
Julia Riera,147,517
Varvara Gracheva,148,503
Tyra Grant,149,503
Lola Radivojevic,150,503
Rebecca Šramková,151,496
Susan Bandecchi,152,494
Markéta Vondroušová,153,493
Beatriz Haddad Maia,154,489
Sofia Costoulas,155,486
Priscilla Hon,156,482
Dalma Gálfi,157,481
Jazmin Ortenzi,158,479
Elina Avanesyan,159,476
Polina Iatcenko,160,473
Ekaterine Gorgodze,161,472
Kayla Cross,162,470
Tatiana Prozorova,163,469
Suzan Lamens,164,464
Vendula Valdmannová,165,462
Elizara Yaneva,166,460
Mai Hontama,167,458
Kaja Juvan,168,452
Storm Hunter,169,450
Elizabeth Mandlik,170,450
Teodora Kostović,171,447
Tiantsoa Rakotomanga Rajaonah,172,445
Lin Zhu,173,440
Linda Fruhvirtová,174,437
Jil Teichmann,175,436
Greet Minnen,176,436
Akasha Urhobo,177,434
Ye-Xin Ma,178,434
Yeon Woo Ku,179,434
Rebeka Masarova,180,431
Varvara Lepchenko,181,426
Martyna Kubka,182,424
Bianca Andreescu,183,422
Gabriela Knutson,184,421
Julia Avdeeva,185,420
Elena Pridankina,186,417
Robin Montgomery,187,414
Despina Papamichail,188,411
Nuria Brancaccio,189,409
Alexandra Shubladze,190,406
Iryna Shymanovich,191,405
Anastasia Gasanova,192,404
Laura Pigossi,193,404
Anastasiya Soboleva,194,404
Mia Ristić,195,403
Carole Monnet,196,397
Eva Vedder,197,397
Luisina Giovannini,198,395
Linda Klimovičová,199,389
Ayla Aksu,200,388
Joanna Garland,201,386
Sara Sorribes Tormo,202,383
Arantxa Rus,203,382
Mona Barthel,204,378
Xiaodi You,205,378
Katie Swan,206,377
Sloane Stephens,207,375
Guiomar Maristany,208,373
Anna Sisková,209,372
Hanyu Guo,210,371
Madison Brengle,211,369
Angela Fita Boluda,212,368
Katherine Sebov,213,367
Erika Andreeva,214,366
Harmony Tan,215,364
Jennifer Ruggeri,216,363
Julie Štruplová,217,362
Alevtina Ibragimova,218,361
María Carlé,219,358
Celine Naef,220,357
Alice Tubello,221,356
Aliona Falei,222,356
Hayu Kinoshita,223,354
Viktória Hrunčáková,224,348
Nao Hibino,225,344
Anouk Koevermans,226,343
Lucie Havlíčková,227,338
Darya Astakhova,228,334
Francisca Jorge,229,333
Kajsa Rinaldo Persson,230,333
Whitney Osuigwe,231,332
Irene Burillo,232,332
Polona Hercog,233,329
Alicia Dudeney,234,323
Loïs Boisson,235,322
Francesca Curmi,236,321
Justina Mikulskytė,237,314
Barbora Palicová,238,314
Martina Capurro Taborda,239,312
Vivian Wolff,240,308
Caijsa Hennemann,241,307
Sara Saito,242,307
Katrina Scott,243,306
Caroline Dolehide,244,302
Mia Pohánková,245,300
Alice Ramé,246,298
Carolyn Ansari,247,298
Zhuoxuan Bai,248,297
Anna-Lena Friedsam,249,297
Katarina Zavatska,250,293
Xinyu Gao,251,292
Lina Gjorcheska,252,291
Séléna Janicijevic,253,288
Cadence Brace,254,287
Fangran Tian,255,286
Olivia Gadecki,256,285
Mei Yamaguchi,257,282
Haruka Kaji,258,282
Elena Ruxandra Bertea,259,282
Valentina Ryser,260,279
Han Shi,261,278
Anastasia Tikhonova,262,277
Ayana Akli,263,276
Fiona Crawley,264,274
Noemi Basiletti,265,270
Dayeon Back,266,270
Jessika Ponchet,267,269
Sada Nahimana,268,267
Rina Saigo,269,266
Sofya Lansere,270,263
Anastasia Zolotareva,271,260
Katarína Kuzmová,272,260
Elena Micic,273,259
Mika Stojsavljevic,274,259
Federica Urgesi,275,258
Berfu Cengiz,276,258
Xinxin Yao,277,256
Ane Mintegi Del Olmo,278,256
Kyōka Okamura,279,254
Hina Inoue,280,252
Caroline Werner,281,251
Lea Ma,282,251
Julieta Pareja,283,249
Yuki Naito,284,248
Vera Zvonareva,285,247
Daria Khomutsianskaya,286,246
Eva Guerrero Álvarez,287,245
Yasmine Kabbaj,288,245
Aurora Zantedeschi,289,245
Chloé Paquet,290,243
Lizette Cabrera,291,242
Han-na Chang,292,242
Martha Matoula,293,242
Matilde Jorge,294,239
Mina Hodzic,295,239
Samira de Stefano,296,238
Gina Feistel,297,236
Zongyu Li,298,235
En-shuo Liang,299,235
Savannah Broadus,300,234
Giorgia Pedone,301,233
Hibah Shaikh,302,232
Anastasia Kulikova,303,231
Britt Du Pree,304,231
Rositsa Dencheva,305,231
Eva Bennemann,306,229
Olga Danilović,307,228
Viktória Morvayová,308,228
Yufei Ren,309,227
Alicia Herrero Liñana,310,225
Carolina Alves,311,225
Weronika Falkowska,312,224
Viktoriya Tomova,313,221
Elena Malygina,314,221
Anouck Vrancken Peeters,315,221
Tereza Martincová,316,220
Alina Granwehr,317,220
Victoria Bosio,318,217
Martina Trevisan,319,215
Kathinka von Deichmann,320,213
Ena Koike,321,213
Océane Dodin,322,212
Anna Rogers,323,212
Amandine Monnot,324,209
Deborah Chiesa,325,209
Lisa Zaar,326,209
Manon Léonard,327,207
Gabriela Cé,328,207
Mell Reasco González,329,206
Mingge Xu,330,205
Miriam Bulgaru,331,205
Sohyun Park,332,204
Lucciana Perez Alarcon,333,203
Jessica Pieri,334,202
Lea Bošković,335,198
Kira Pavlova,336,196
Tessa Johanna Brockmann,337,195
Margaux Rouvroy,338,194
Martina Colmegna,339,193
Sahaja Yamalapalli,340,192
Sakura Hosogi,341,192
Angelina Voloshchuk,342,192
Eunhye Lee,343,192
Malaika Rapolu,344,191
Isabella Shinikova,345,190
Madison Sieg,346,187
Radka Zelníčková,347,186
Natalija Senić,348,186
Varvara Panshina,349,185
Francesca Pace,350,185
Daria Egorova,351,184
Miriana Tona,352,183
Joelle Steur,353,183
Maria Teixido Garcia,354,181
Hiromi Abe,355,181
Yuriko Miyazaki,356,178
Dalila Spiteri,357,178
Dalila Jakupović,358,177
Yidi Yang,359,177
Antonia Vergara Rivera,360,175
Naiktha Bains,361,175
Eryn Cayetano,362,175
Aoi Ito,363,174
Miho Kuramochi,364,174
Momoko Kobori,365,173
Raluca Șerban,366,173
Lea Nilsson,367,173
Sandra Samir,368,173
Diletta Cherubini,369,172
Lia Karatancheva,370,172
Rada Zolotareva,371,172
Yasmine Mansouri,372,169
Lucija Ćirić Bagarić,373,169
Jiajing Lu,374,168
Julia Stusek,375,168
Aliona Bolsova,376,167
Ariana Arseneault,377,166
Amelia Rajecki,378,166
Zuzanna Pawlikowska,379,166
Nastasja Schunk,380,166
Sonja Zhiyenbayeva,381,166
Stephanie Visscher,382,166
Camilla Rosatello,383,165
Yelyzaveta Kotliar,384,165
Jenny Lim,385,165
Carlota Martinez Cirez,386,164
Vaishnavi Adkar,387,164
Alessandra Mazzola,388,162
Katerina Tsygourova,389,162
Amarissa Tóth,390,161
Julie Belgraver,391,159
Priska Nugroho,392,159
Jiaqi Wang,393,159
Elena Milovanović,394,159
Sijia Wei,395,158
Kristiana Sidorova,396,158
Tiphanie Lemaître,397,158
Natsumi Kawaguchi,398,158
Lamis Alhussein Abdel Aziz,399,158
İpek Öz,400,156
Luna Vujović,401,156
Nina Vargová,402,156
Jule Niemeier,403,155
Ana Sofía Sánchez,404,154
Kylie Collins,405,154
Aunchisa Chanta,406,154
Silvia Ambrosio,407,153
Clara Burel,408,153
Eri Shimizu,409,153
Reina Goto,410,153
Maria Sara Popa,411,152
Julie Paštiková,412,152
Amandine Hesse,413,151
Misaki Matsuda,414,151
Rebecca Marino,415,150
Mariam Bolkvadze,416,149
Tina Smith,417,149
Alana Smith,418,149
Çağla Büyükakçay,419,149
Tena Lukas,420,148
Veronika Kudermetova,421,146
Lucie Nguyen Tan,422,146
Reese Brantmeier,423,145
Boyoung Jeong,424,145
Laura Hietaranta,425,145
Laura Mair,426,144
Aneta Laboutková,427,143
Weronika Ewald,428,143
Vaidehi Chaudhari,429,142
Denislava Glushkova,430,142
Victoria Allen,431,141
Alena Kovačková,432,141
Diana Martynov,433,140
Iva Primorac,434,140
Hannah Klugman,435,139
Tatiana Pieri,436,139
Justina Gonzalez Daniele,437,138
Maria Golovina,438,138
Alana Subasic,439,136
Chengyiyi Yuan,440,136
Victoria Milovanova,441,136
Anastasia Pavlyuchenkova,442,135
Heather Watson,443,135
Sapfo Sakellaridi,444,134
Lidia Encheva,445,134
Nadia Podoroska,446,133
Emily Appleton,447,133
Tara Würth,448,132
Amelia Honer,449,132
Rasheeda Mcadoo,450,132
Victoria Azarenka,451,130
Victoria Rodríguez,452,129
Sofia Johnson,453,129
Camilla Zanolini,454,128
Hikaru Sato,455,128
Irina-Camelia Begu,456,127
Ella Mcdonald,457,127
Fernanda Labrana,458,127
Arina Rodionova,459,126
Ekaterina Reyngold,460,126
Maria Urrutia,461,126
Lucía Cortez Llorca,462,126
Lan Mi,463,126
Ana Candiotto,464,125
Marie Vogt,465,124
Esther Adeshina,466,123
Astrid Lew Yan Foon,467,123
Haley Giavara,468,123
Sofia Shapatava,469,123
Zhibek Kulambayeva,470,122
Patcharin Cheapchandej,471,122
Ekaterina Maklakova,472,122
Kristina Kroitor,473,122
Yujia Huang,474,121
Luiza Fullana,475,121
Katharina Hobgarski,476,121
Valentina Ivanov,477,121
Beatrise Zeltiņa,478,121
Julia Adams,479,121
Ena Shibahara,480,120
Jasmijn Gimbrère,481,120
Jana Otzipka,482,119
Martina Okáľová,483,118
Aneta Kučmová,484,118
Kayo Nishimura,485,118
Ekaterina Kazionova,486,117
Elina Nepliy,487,117
Mio Mushika,488,117
Carmen Andreea Herea,489,116
Gergana Topalova,490,115
Valentina Steiner,491,115
Irina Balus,492,115
Ekaterina Khayrutdinova,493,115
Katarina Jokić,494,114
Andreea Prisăcariu,495,114
Dana Guzman,496,114
Sofia Cabezas Dominguez,497,113
Vittoria Paganetti,498,113
Eva Voracek,499,113
Clervie Ngounoue,500,112
Maria Martinez Vaquero,501,112
Angella Okutoyi,502,112
Erika Sema,503,112
Isabella Serban,504,112
Nahia Berecoechea,505,111
Wushuang Zheng,506,110
Sara Dols,507,110
Anna Kubareva,508,109
Ekaterina Yashina,509,108
Andre Lukosiute,510,108
Gina Dittmann,511,107
Ya Yi Yang,512,107
Jiayi Wang,513,107
Alisa Oktiabreva,514,106
Carla Markus,515,106
Viola Turini,516,106
Victoria Hu,517,105
Rinko Matsuda,518,105
Yaroslava Bartashevich,519,104
Yuno Kitahara,520,104
Daria Yesypchuk,521,104
Thasaporn Naklo,522,103
Loes Ebeling Koning,523,103
Adithya Karunaratne,524,103
Emma Léné,525,102
Louisa Chirico,526,101
Sarah van Emst,527,101
Lina Glushko,528,100
Nellie Taraba Wallberg,529,100
Carmen Gallardo Guevara,530,99
Mara Guth,531,99
Ana Grubor,532,98
Océane Babel,533,98
Adrienn Nagy,534,98
Briana Szabó,535,97
Arianne Hartono,536,96
Tahlia Kokkinis,537,96
Maria Garcia Cid,538,95
Marie Mettraux,539,95
Ekaterina Perelygina,540,94
Zeel Desai,541,94
Dune Vaissaud,542,94
Elena Korokozidi,543,94
Josy Daems,544,94
Ksenia Zaytseva,545,93
Sofia Rocchetti,546,93
Ida Wobker,547,93
Margaux Maquet,548,93
Ann Akasha Ceuca,549,93
Yafan Wang,550,92
Jana Kovačková,551,92
Ranah Stoiber,552,91
Valentini Grammatikopoulou,553,91
Beatrice Ricci,554,90
Evialina Laskevich,555,90
Destanee Aiava,556,89
Anastasia Abbagnato,557,89
Pia Lovrič,558,89
Shilin Xu,559,88
Bella Payne,560,88
Tamila Gadamauri,561,88
Naho Sato,562,88
Carson Branstine,563,87
Thaisa Grana Pedretti,564,87
Valeriya Strakhova,565,87
Verena Meliss,566,87
Linea Bajraliu,567,87
Annika Penickova,568,87
Alina Shcherbinina,569,87
Dunja Marić,570,87
Mayuka Aikawa,571,87
Ayano Shimizu,572,85
Oana Georgeta Simion,573,85
Gaia Maduzzi,574,85
Sara Cakarevic,575,85
Antonia Schmidt,576,84
Laima Vladson,577,84
Maria Kalyakina,578,84
Ruth Roura Llaverias,579,83
Thea Frodin,580,83
Maria Kozyreva,581,83
Natsuki Yoshimoto,582,83
Lucie Petruželová,583,83
Luciana Moyano,584,83
Neus Torner Sensano,585,82
Carol Zhao,586,81
Ksenia Efremova,587,81
Anastasiia Firman,588,81
Anastasija Sevastova,589,80
Ankita Raina,590,80
Enola Chiesa,591,80
Jana Kolodynska,592,80
Isis Louise van Den Broek,593,80
Nauhany Vitoria Leme Da Silva,594,79
Dalayna Hewitt,595,79
Sarah Rokusek,596,79
Irem Kurt,597,79
Daria Zelinskaya,598,79
Antonia Stoyanov,599,79
Daria Lodikova,600,79
Xinran Sun,601,78
Alexis Blokhina,602,78
Kristina Dmitruk,603,77
Renata Jamrichová,604,77
Su-jeong Jang,605,77
Carson Tanguilig,606,77
Arina Bulatova,607,77
Alexandra Vagramov,608,76
Tilwith Di Girolami,609,76
Dasha Ivanova,610,76
Venus Williams,611,75
Sachia Vickery,612,75
Sara Daavettila,613,75
Franziska Sziedat,614,75
Michika Ozeki,615,75
Junhan Zhang,616,75
Arianna Zucchini,617,75
Tian Jialin,618,74
Jana Fett,619,73
Jennifer Brady,620,73
Nicole Fossa Huergo,621,73
Meiqi Guo,622,73
Indianna Spink,623,73
Mathilde Lollia,624,73
Alba Rey Garcia,625,73
Cody Wong,626,72
Gaeul Jang,627,72
Carolina Kuhl,628,72
Tessah Andrianjafitrimo,629,71
Emily Seibold,630,71
Chelsea Fontenel,631,71
Katy Dunne,632,70
Shrivalli Bhamidipaty,633,70
Urszula Radwańska,634,70
Kisa Yoshioka,635,70
Melisa Ercan,636,70
Marie Weckerle,637,70
Camilla Gennaro,638,70
Ekaterina Ovcharenko,639,69
Ilinca Amariei,640,69
Ikumi Yamazaki,641,69
Ekaterina Tupitsyna,642,69
Shannon Lam,643,69
Astrid Cirotte,644,69
Maria Lazarenko,645,69
Federica Sacco,646,69
Chenting Zhu,647,68
Sae Noguchi,648,68
Ava Markham,649,68
Anja Stanković,650,68
Aruzhan Sagandikova,651,68
Cheuk Ying Shek,652,68
Ruien Zhang,653,67
Cristina Diaz Adrover,654,67
Luca Udvardy,655,67
Alizé Lim,656,67
Alice Gillan,657,67
Nada Fouad,658,67
Maria Fernanda Navarro,659,65
Berta Bonardi,660,65
Angelica Raggi,661,65
Eliška Ticháčková,662,65
Polina Leykina,663,65
Elza Tomase,664,65
Clara Vlasselaer,665,65
Belle Thompson,666,65
Jodie Burrage,667,64
Ying Zhang,668,64
Valeria Savinykh,669,64
Denisa Žoldáková,670,64
Merna Refaat,671,64
Iva Ivanova,672,64
Kailey Evans,673,64
Merel Hoedt,674,64
Wakana Sonobe,675,63
Julia Konishi Camargo Silva,676,63
Francesca Gandolfi,677,63
Amarni Banks,678,63
Fiona Ganz,679,63
Celia Cerviño Ruiz,680,63
Allegra Korpanec Davies,681,63
Alexis Nguyen,682,62
Alina Trynkina,683,62
Bianca Barbulescu,684,62
Kristina Novak,685,61
Olivia Lincer,686,61
Ema Burgić Bucko,687,61
Rebecca Munk Mortensen,688,61
Carolina Bohrer Martins,689,61
Marta Lombardini,690,60
Mary Lewis,691,60
Amy Zhu,692,60
Demi Tran,693,60
Shiyu Ye,694,60
Marianna Argyrokastriti,695,60
Gabriella Da Silva Fick,696,60
Jaeda Daniel,697,60
Anne Christine Lutkemeyer Obregon,698,60
Amélie Van Impe,699,60
Nuria Párrizas Díaz,700,59
Gabriela Lee,701,59
Noelia Zeballos,702,59
Yuhan Wang,703,59
Alja Senica,704,59
Petra Sedláčková,705,59
Noemi Maines,706,59
Shiho Akita,707,58
Sophia Biolay,708,58
Ha Eum Lee,709,58
Anna Snigireva,710,58
Daria Kuczer,711,57
Nina Radovanovic,712,57
Asylzhan Arystanbekova,713,57
Zoziya Kardava,714,57
Sabine Rutlauka,715,57
Eleejah Inisan,716,56
Teah Chavez,717,56
Anastasia Bertacchi,718,56
Tatum Evans,719,56
Yasmin Ezzat,720,56
Mariia Tkacheva,721,55
Johanne Svendsen,722,55
Yuliya Hatouka,723,55
Gyeong Seo Lee,724,54
Ksenia Smirnova,725,54
Ivana Šebestová,726,54
Rose Marie Nijkamp,727,54
Laia Petretic,728,54
Karla Popovic,729,54
Fangzhou Liu,730,53
Jenny Duerst,731,53
Stefani Webb,732,52
Anna Petkovic,733,52
Marine Szostak,734,52
Valeriia Artemeva,735,52
Saki Imamura,736,51
Luna Maria Cinalli,737,51
Felitsata Dorofeeva-Rybas,738,51
Jo-Yee Chan,739,51
Eliz Maloney,740,51
Darja Suvirdjonkova,741,51
Kristina Penickova,742,50
Yiming Dang,743,50
Jessica Hinojosa Gomez,744,50
Polina Kuharenko,745,50
Amélie Hejtmánek,746,50
Yushan Shao,747,49
Maya Iyengar,748,49
Mia Horvit,749,49
Mayu Crossley,750,49
Edda Mamedova,751,49
Shruti Ahlawat,752,49
Peangtarn Plipuech,753,48
Vlada Mincheva,754,48
Jenna Defalco,755,48
Alyssa Réguer,756,48
Yuliana Lizarazo,757,47
Ellie Schoppe,758,47
María Fernanda Herazo,759,47
Ani Amiraghyan,760,47
Valeriya Yushchenko,761,47
Giulia Safina Popa,762,47
Ayumi Miyamoto,763,47
Kateryna Lazarenko,764,47
Milana Zhabrailova,765,47
Diana-Ioana Simionescu,766,47
Sarah Iliev,767,47
Adelina Lachinova,768,46
Ayumi Koshiishi,769,46
Noelia Bouzo Zanotti,770,46
Xi Luo,771,46
Marjorie Souza,772,46
Isabella Barrera Aguirre,773,46
Madelief Hageman,774,46
Sayaka Ishii,775,45
Georgina García Pérez,776,45
Arina Arifullina,777,45
Monique Barry,778,45
Kali Šupová,779,45
Honoka Kobayashi,780,45
Karine Sarkisova,781,45
Olga Danilova,782,45
Marta Soriano Santiago,783,45
Paula Cembranos,784,45
Anca Todoni,785,44
Draginja Vuković,786,44
Anamaria Oana,787,44
Ulyana Hrabavets,788,44
Amy Sucha,789,44
Petra Konjikušić,790,44
Shiho Tsujioka,791,44
Lorena Solar Donoso,792,44
Dasha Plekhanova,793,43
Emina Bektas,794,43
Deniz Dilek,795,43
Brooke Black,796,43
Kanon Sawashiro,797,43
Raphaëlle Lacasse,798,43
Ylena In-Albon,799,42
Meiling Wang,800,42
Duru Soke,801,42
Charo Esquiva Banuls,802,42
Eszter Méri,803,42
Kallista Liu,804,42
Chloé Noël,805,42
Sara Mikača,806,42
Maria Oliver Sanchez,807,42
Laquisa Khan,808,41
Janae Preston,809,41
Kamonwan Yodpetch,810,41
Nagi Hanatani,811,41
Chia Yi Tsao,812,41
Julia Stamatova,813,41
Zarina Diyas,814,40
Liv Boulard,815,40
Tiana Tian Deng,816,40
Marcelina Podlińska,817,40
Berta Passola,818,40
Haruna Arakawa,819,40
Mika Buchnik,820,40
Aspen Schuman,821,40
Sara Victoria Balan,822,40
Lauryn John-Baptiste,823,40
Kamilla Bartone,824,40
Yingqun Sun,825,40
Coco Bosman,826,40
Maria Toma,827,40
Ru Xi Wu,828,39
Lian Tran,829,39
Amelia Paszun,830,39
Aishi Das,831,39
Zuzanna Kolonus,832,39
Meritxell Teixido Garcia,833,39
İlay Yörük,834,38
Carmen Lopez Martinez,835,38
Jimar Gerald Gonzalez,836,38
Ya-Hsuan Lee,837,38
Salma Ewing,838,38
Stefania Bojica,839,38
Alyssa Ahn,840,37
Monika Ekstrand,841,37
Christasha McNeil,842,37
Maia Ilinca Burcescu,843,37
Piper Charney,844,37
Georgia Crăciun,845,37
Françoise Abanda,846,37
Capucine Jauffret,847,37
Luisa Meyer Auf Der Heide,848,37
Yuhan Liu,849,37
Ksenia Laskutova,850,37
Anna Hertel,851,37
Kristina Mladenovic,852,36
Usue Maitane Arconada,853,36
Alice Robbe,854,36
Camila Romero,855,36
Maria Sholokhova,856,36
Lisa Claeys,857,36
Mutsumi Uemura,858,36
Maayan Laron,859,36
Elena Jamshidi,860,36
Ella Haavisto,861,36
Arina Vasilescu,862,36
Anita Sahdiieva,863,36
Valentina Mediorreal Arias,864,35
Mariella Thamm,865,35
Marilouise van Zyl,866,35
Jana Hossam Salah,867,35
Da-bin Kim,868,35
Amy Stevens,869,35
Marie Villet,870,35
Diāna Marcinkēviča,871,35
Anna Frey,872,34
Michaela Bayerlová,873,34
Suha Lee,874,34
Emma Slavíková,875,34
Jiangxue Han,876,34
Hiroko Kuwata,877,33
Victoria Pohle,878,33
Matilde Paoletti,879,33
Krisha Mahendran,880,33
Chukwumelije Clarke,881,33
Laura Svatíková,882,33
Isabella Marton,883,32
Eudice Chong,884,32
Nika Radišić,885,32
Emma Dong,886,32
Meng Yi Chen,887,32
Mia Slama,888,32
Josefina Estevez,889,32
Danka Kovinić,890,31
Ashley Lahey,891,31
Jessica Bertoldo,892,31
Midori Castillo Meza,893,31
Kate Fakih,894,31
Shihomi Li Xuan Leong,895,31
Salma Drugdová,896,31
Carolin Raschdorf,897,31
Eva Marie Desvignes,898,31
Leonie Küng,899,30
Nadiya Kolb,900,30
Maria Torres Murcia,901,30
Jizelle Sibai,902,30
Cristiana Todoni,903,30
Ariana Geerlings,904,30
Yuliya Perapekhina,904,30
Kateryna Diatlova,906,30
Aya El Sayed,907,30
Natsuho Arakawa,908,30
Johanna Silva,909,30
Arina Varaksina,910,30
Jaedan Brown,911,30
Claudia Ferrer Perez,912,30
Ustiniya Lekomtseva,913,30
Lilian Poling,914,30
Astra Sharma,915,29
Daphnée Mpetshi Perricard,916,29
Anna Pircher,917,29
Welles Newman,918,29
Lola Giza,919,29
Anastasija Cvetković,920,29
Misa Malkin,921,29
Ruby Cooling,922,29
Agustina Chlpac,923,29
Chiara Fornasieri,924,29
Iveta Dapkutė,925,29
Mandegar Farzami,926,29
Klara Veldman,927,29
Nanari Katsumi,928,29
Kennedy Drenser-Hagmann,929,28
Sabastiani Leon,930,28
Akanksha Nitture,931,28
Lexington Reed,932,28
Francesca Mattioli,933,28
Emily Sartz-Lunde,934,28
Emma Jackson,935,28
Sofia Rojas,936,28
Isabel Skoog,937,28
Linda Ševčíková,938,28
Maddalena Giordano,939,28
Ana Konjuh,940,27
Ana Filipa Santos,941,27
Sonal Patil,942,27
Selina Dal,943,27
Ashleigh Simes,944,27
Lavinia Tanasie,945,27
Emma Ghirardato,946,27
Kaitlyn Carnicella,947,27
Ava Hrastar,948,27
Karla Bartel,949,27
Stefaniya Pushkar,950,27
Rikke de Koning,951,27
Anna Sedysheva,952,27
Anna Kmiecik,953,27
Lavinia Luciano,954,27
Natalia Sousa Salazar,955,26
Lya Fernandez,956,26
Alesia Breaz,957,26
Elizabeth Coleman,958,26
Valentina Losciale,959,26
Didi Bredberg Canizares,960,26
Anna Pushkareva,961,26
Matilde Mariani,962,26
Sevil Yuldasheva,963,26
Angelina Wirges,964,26
Wozuko Mdlulwa,965,26
Irina Fetecău,966,25
Victoria Luiza Barros,967,25
Elyse Tse,968,25
Lorena Schädel,969,25
Tina Manescu,970,25
Onyu Choi,971,25
Adriana Reami,972,25
Riya Bhatia,973,24
Victoria Brand,974,24
Allura Zamarripa,975,24
Federica Trevisan,976,24
Veronica Miroshnichenko,977,24
Yanan Hou,978,24
Lourdes Ayala,979,24
Romane Longueville,980,24
I Wen Wan,981,24
Marie Mattel,982,24
Polina Bakhmutkina,983,24
Patricia Goina,984,24
Nicole Gadient,985,24
Selina Atay,986,23
Eva Maria Ionescu,987,23
Diae El Jardi,988,23
Thara Gowda,989,23
Kate Mansfield,990,23
Anastasiya Kuparev,991,23
Monika Stankiewicz,992,23
Sera Nishimoto,993,23
Rachel Gailis,994,22
Emma Malmkjaer,995,22
Lucie Pawlak,995,22
Kim Chiarello,997,22
Sarah Melany Fajmonová,998,22
Solymar Colling,999,22
Astrid Brune Olsen,1000,22
